Channel,Region,Fresh,Milk,Grocery,Frozen,Detergents_Paper,Delicassen,pca_x,pca_y,umap_x,umap_y,ae_x,ae_y,vae_x,vae_y
2,3,12669,9656,7561,214,2674,1338,0.19329054649820243,-0.3050999634513935,6.081988,6.836515,2.49361,4.75471,0.8128687,0.8070941
2,3,7057,9810,9568,1762,3293,1776,0.4344198959454972,-0.3284126225401711,5.233769,7.2896776,2.252958,5.111284,0.78751117,0.79086584
2,3,6353,8808,7684,2405,3516,7844,0.8111432343605398,0.8150957011888883,6.9408636,5.27483,2.7043674,2.9611459,0.8116606,0.7969234
1,3,13265,1196,4221,6404,507,1788,-0.778647831923619,0.652753733909375,12.061336,5.14521,5.4761295,10.775254,0.81253934,0.8060596
2,3,22615,5410,7198,3915,1777,5185,0.16628725888001922,1.271433718314264,7.2294445,4.7181373,3.815348,4.0501184,0.808529,0.7886229
2,3,9413,8259,5126,666,1795,1451,-0.15616993189775052,-0.2951409880414285,6.2874722,6.8677416,2.7102942,4.898007,0.7878227,0.79329675
2,3,12126,3199,6975,480,3140,545,-0.3352884042775968,-0.5250032583063673,7.110404,7.365309,4.2904377,11.8557,0.8044406,0.80929357
2,3,7579,4956,9426,1669,3321,2566,0.14058643405115298,-0.23099268712632712,5.4624414,7.3564453,3.3994465,5.9567966,0.7957248,0.7866968
1,3,5963,3648,6192,425,1716,750,-0.5173195409242917,-0.659362826613679,7.553091,7.956659,5.454737,12.224996,0.80949414,0.8083694
2,3,6006,11093,18881,1159,7425,2098,1.5921090819077042,-0.7410113322068796,3.0802252,6.969811,0.4128188,0.6894244,0.80133647,0.80663383
2,3,3366,5403,12974,4400,5977,1744,0.6380859453842896,-0.4018252009827578,4.979644,8.150627,1.2164437,2.7761369,0.77700853,0.77665144
2,3,13146,1124,4523,1420,549,497,-0.9276925789464372,-0.21928724226791532,9.29311,5.938277,6.477201,12.943185,0.8138842,0.80079925
2,3,31714,12319,11757,287,3881,2931,0.9913621763904926,0.6859108075964484,6.621805,5.326107,4.9290595,6.323995,0.8217995,0.83234984
2,3,21217,6208,14982,3095,6707,602,0.8502467602831545,-0.08569196422573477,6.1877885,5.6527977,0.82770145,2.712007,0.7678602,0.7837554
2,3,24653,9465,12091,294,5058,2168,0.845043793526858,0.15472432536931877,6.467652,5.575009,5.6376624,7.978752,0.83114,0.8322528
1,3,10253,1114,3821,397,964,412,-0.9515853747804033,-0.495908497946021,9.330575,6.905715,6.4751716,14.145905,0.828835,0.8169155
2,3,1020,8816,12121,134,4508,1080,0.5575587167513228,-1.0261227205417884,4.325311,7.7038727,1.6942202,5.6461015,0.84108204,0.8540897
1,3,5876,6157,2933,839,370,4478,-0.3525385979885781,0.20707590990608082,7.6398606,6.3716965,2.8384604,3.5866647,0.8669666,0.85246956
2,3,18601,6327,10099,2205,2767,3181,0.31657856312201227,0.4420662920478228,6.8605065,5.6273413,4.071952,6.108462,0.7811383,0.78257084
1,3,7780,2495,9464,669,2518,501,-0.3237557369900895,-0.7035869463196534,7.1567144,7.6943545,4.516653,10.626972,0.80855864,0.8085902
2,3,17546,4519,4602,1066,2259,2124,-0.32000059737195213,0.15662814687056847,6.9651046,5.9263563,4.691059,7.697575,0.79257,0.7804865
1,3,5567,871,2010,3383,375,569,-1.1184472015759515,-0.23052751899310558,11.24603,7.1130643,7.21704,16.319544,0.82049155,0.8132483
1,3,31276,1917,4469,9408,2381,4334,-0.17669454461938955,2.1437169897249833,11.681419,4.010987,8.324987,5.9598584,0.7731044,0.75915504
2,3,26373,36423,22019,5154,4337,16523,4.685654205577527,3.598678382684399,6.430678,4.867308,4.9823093,1.4584043,0.77717435,0.8306848
2,3,22647,9776,13792,2915,4482,5778,1.2450420797429518,1.0556596612741738,6.8926387,4.9136333,2.2884078,1.6553124,0.7508514,0.7772949
2,3,16165,4230,7595,201,4003,57,-0.15411402588073542,-0.5228936248345414,7.068633,7.199798,6.366643,11.521684,0.8184778,0.82474476
1,3,9898,961,2861,3151,242,833,-1.0396235408198575,-0.036479651125875076,10.404791,6.148815,6.18416,13.383084,0.81339014,0.8004489
1,3,14276,803,3045,485,100,518,-1.0975271802600233,-0.24298196589573967,9.146267,5.72068,6.6831203,12.775069,0.839774,0.82296515
2,3,4113,20484,25957,1158,8604,5206,3.1220916032889465,-0.3300749217937493,2.398452,6.4793286,2.6538174,0.0,0.845887,0.8285875
1,3,43088,2100,2609,1200,1107,823,-0.7799399388366394,1.0731733411860882,8.044972,2.6861377,8.672638,12.624522,0.82476693,0.8403957
1,3,18815,3610,11107,1148,2134,2963,0.07458318838806759,0.2665039107629261,6.8407335,5.6891265,4.2955894,6.5394564,0.80850863,0.8065206
1,3,2612,4339,3133,2088,820,985,-0.7291893279631081,-0.44480925579424063,8.622998,8.591538,5.3984447,11.8594055,0.79669446,0.8051717
1,3,21632,1318,2886,266,918,405,-0.9622304278035116,-0.018989195556772115,8.54334,4.342515,7.814696,12.550355,0.8383486,0.8339278
1,3,29729,4786,7326,6130,361,1083,-0.34977090329451194,1.1805945291564517,8.180546,3.4035194,8.634567,10.739179,0.7871205,0.78230625
1,3,1502,1979,2262,425,483,395,-1.0690823348451701,-0.8015969195696591,9.753504,9.296706,6.6221266,15.117984,0.8221479,0.8223304
2,3,688,5491,11091,833,4239,436,0.16724767633714105,-1.0743968959242802,4.958901,8.2017975,2.0031369,6.432339,0.8328917,0.84431493
1,3,29955,4362,5428,1729,862,4626,-0.17213677330079022,1.2670063771205442,7.2866473,4.621812,4.083243,4.7700696,0.84098184,0.8354604
2,3,15168,10556,12477,1920,6506,714,0.9726885710283278,-0.3681751789363517,3.7443013,6.7543716,1.2793682,2.4192028,0.81014526,0.8061947
2,3,4591,15729,16709,33,6956,433,1.5846641704799675,-1.1292469229805422,2.8851821,6.8134503,0.0,0.0,0.8381679,0.8683145
1,3,56159,555,902,10002,212,2916,-0.7793956704253292,3.160419943833687,8.3759165,2.3294694,9.992873,8.226497,0.8343691,0.8166417
1,3,24025,4332,4757,9510,1145,5864,-0.011398781782537597,2.2164688785695366,11.6506405,4.046409,8.011706,5.587318,0.8319804,0.78576696
1,3,19176,3065,5956,2033,2575,2802,-0.23289017820356636,0.41382538770913335,7.0812654,5.744418,4.399715,6.738439,0.7637389,0.7456246
2,3,10850,7555,14961,188,6899,46,0.8557236542714345,-0.9796731395308355,3.8759668,7.0333924,0.8014283,4.8236537,0.8248847,0.8294767
2,3,630,11095,23998,787,9529,72,1.9458622105746584,-1.5666979736395164,2.363404,7.080735,0.0,0.31202626,0.8231561,0.852143
2,3,9670,7027,10471,541,4618,65,0.2813087413228579,-0.7956954109737742,5.0708203,7.776633,1.9338617,6.1031575,0.83525455,0.83947825
2,3,5181,22044,21531,1740,7353,4985,2.8134968943919114,-0.09887393332108459,2.5758238,6.3868566,2.5344043,0.50051713,0.82862633,0.8176447
2,3,3103,14069,21955,1668,6792,1452,1.865319811895263,-0.893604773714601,2.7865794,6.8867283,0.15511969,0.0,0.8234446,0.83682543
2,3,44466,54259,55571,7782,24171,6465,9.53811612922101,1.5076371010419194,1.3922194,6.359218,8.021724,0.0,0.85709345,0.8119801
2,3,11519,6152,10868,584,5121,1476,0.4300766673640302,-0.5033835312524051,5.2822638,7.2871943,1.7738545,7.432471,0.8121189,0.80518186
2,3,4967,21412,28921,1798,13583,1163,3.5979048535172233,-1.239366405120676,1.7285717,6.525596,0.0,0.0,0.8213777,0.8562726
1,3,6269,1095,1980,3860,609,2162,-0.9287053254526904,0.13452395003532616,11.313389,7.019988,3.5976212,6.7069106,0.83290994,0.82104903
1,3,3347,4051,6996,239,1538,301,-0.5094453715480775,-0.8707883510719299,7.3066874,8.217196,5.1128635,11.205644,0.81624156,0.82377005
2,3,40721,3916,5876,532,2587,1278,-0.25071275534079857,0.8623814102169989,7.9916954,2.8068097,7.5550475,10.734955,0.80938846,0.82952744
2,3,491,10473,11532,744,5611,224,0.7002834808423575,-1.1559072168946405,4.026481,7.586667,1.5599568,4.71971,0.84410197,0.8655372
1,3,27329,1449,1947,2436,204,1333,-0.9679267978278155,0.7129368678640357,8.384002,3.7521505,6.957268,9.773017,0.8271167,0.82335544
1,3,5264,3683,5005,1057,2024,1130,-0.5138382981045402,-0.5387312359733734,8.026677,7.9320245,5.153083,11.281039,0.79768443,0.79477644
2,3,4098,29892,26866,2616,17740,1340,4.599755905903984,-1.2363758983067659,1.4623823,6.5905843,0.0,0.0,0.83755296,0.8100222
2,3,5417,9933,10487,38,7572,1282,0.9251660720874925,-0.9447766607259448,3.8826587,7.7944574,1.3167791,4.178777,0.8466943,0.82653815
1,3,13779,1970,1648,596,227,436,-1.0896075285634972,-0.2365773733763909,9.1446085,5.7425113,6.4810514,12.6753,0.8357395,0.8252603
1,3,6137,5360,8040,129,3084,1603,-0.04758853208031265,-0.6191651922444901,5.4556136,7.66546,3.2604628,7.3163643,0.8157061,0.8112134
2,3,8590,3045,7854,96,4095,225,-0.22732589920797014,-0.8449040817853907,6.9889703,7.6440034,3.0255194,9.983766,0.822812,0.8283291
2,3,35942,38369,59598,3254,26701,2017,8.43092530729674,-0.5923692911126331,1.3532313,6.3942466,0.66494024,0.0,0.799701,0.81024307
2,3,7823,6245,6544,4154,4074,964,0.032410657933517786,-0.17574736360292767,5.61493,8.168268,3.0230193,9.250668,0.76627773,0.77109337
2,3,9396,11601,15775,2896,7677,1295,1.4281181829897092,-0.4840837527566895,3.3672307,6.7790413,0.734174,1.0459265,0.7817079,0.78467906
1,3,4760,1227,3250,3724,1247,1145,-0.8642872859634074,-0.17996637426384254,11.492809,6.957051,5.6820498,12.613965,0.8045592,0.7990862
2,3,85,20959,45828,36,24231,1423,5.810579391251113,-2.4549317201534993,1.2490859,6.431219,0.0,0.0,0.82891625,0.8134539
1,3,9,1534,7417,175,3468,27,-0.4837299209851174,-1.20570517384716,6.5968037,8.413474,3.724044,10.7815695,0.84752023,0.8417706
2,3,19913,6759,13462,1256,5141,834,0.614470849708418,-0.21694580418624615,6.2297845,5.6952167,5.9513316,9.685203,0.80724764,0.7990572
1,3,2446,7260,3993,5870,788,3095,-0.23876815072086838,0.42411686926427933,11.680226,6.5099225,2.8271463,4.5238733,0.82596046,0.8170367
1,3,8352,2820,1293,779,656,144,-1.0412656228559634,-0.5005082069890011,9.471608,7.1639023,7.4198213,16.770693,0.8185521,0.8209575
1,3,16705,2037,3202,10643,116,1365,-0.8046053821769114,1.3012850505334514,12.277132,4.417037,15.426785,14.7981415,0.83077294,0.83756787
1,3,18291,1266,21042,5373,4173,14472,1.801281758891889,2.548620576691651,6.7481704,4.840767,3.8382263,1.3033574,0.78511083,0.85437363
1,3,4420,5139,2661,8872,1321,181,-0.6343489130953581,0.33145737223049593,12.217195,5.7063565,8.087205,19.242737,0.83493775,0.8461429
2,3,19899,5332,8713,8132,764,648,-0.22896966531604535,0.9075207544573807,12.061328,4.549491,12.379599,14.224353,0.77297795,0.75677943
2,3,8190,6343,9794,1285,1901,1780,0.03064858387205777,-0.3084683606817535,5.5907307,7.3730984,3.0886376,5.9238663,0.7907951,0.7915894
1,3,20398,1137,3,4407,3,975,-1.167109428157232,0.6448422228642475,9.30623,4.140892,6.937111,11.323008,0.8409237,0.8339307
1,3,717,3587,6532,7530,529,894,-0.5679203181643925,0.10052206736490722,12.219711,5.957024,5.5708876,13.871178,0.83868897,0.8608675
2,3,12205,12697,28540,869,12034,1009,2.752948663737723,-1.0910029595060795,1.8574622,6.6837807,0.0,0.12841472,0.7800511,0.80456316
1,3,10766,1175,2067,2096,301,167,-1.1324412991145767,-0.2409354583106875,9.998314,6.5556536,7.3041744,16.174728,0.8169384,0.8077698
1,3,1640,3259,3655,868,1202,1653,-0.6903938253158397,-0.5603432735191758,8.684573,8.784845,4.1661053,8.587928,0.81339073,0.807591
1,3,7005,829,3009,430,610,529,-1.063340330564802,-0.578287112454595,9.476517,7.693642,6.3826537,14.150932,0.8306777,0.8177283
2,3,219,9540,14403,283,7818,156,1.0489486258925755,-1.4105491433521309,3.5436032,7.894702,1.0899657,4.644263,0.85506123,0.87525123
2,3,10362,9232,11009,737,3537,2342,0.5580907209018314,-0.2599706200174194,5.3807535,7.182586,2.1360264,5.279388,0.80949,0.8089732
1,3,20874,1563,1783,2320,550,772,-1.0023082203946578,0.31341047252838633,9.043526,4.218074,7.0338964,11.308505,0.8157784,0.809901
2,3,11867,3327,4814,1178,3837,120,-0.40843051225180044,-0.526562578941396,7.123346,7.5417337,3.7423563,12.76172,0.7869775,0.7992444
2,3,16117,46197,92780,1026,40827,2944,12.653002077266358,-2.7152059094106593,1.3733804,6.4395905,1.4088159,0.0,0.8385709,0.8415924
2,3,22925,73498,32114,987,20070,903,8.420988796246263,-0.4468577683294913,1.3821937,6.36048,0.0,0.0,0.8406887,0.79915553
1,3,43265,5025,8117,6312,1579,14351,1.0756854574888335,4.069341799774197,6.818703,4.7724485,5.6169295,4.87663,0.8603816,0.8943483
1,3,7864,542,4042,9735,165,46,-1.014288901172112,0.5488453051671149,12.423619,5.2848945,8.526433,20.781628,0.833424,0.8251815
1,3,24904,3836,5330,3443,454,3178,-0.39089963728732463,1.0302463917012707,7.5975423,4.507157,4.587143,5.8884244,0.8361242,0.81721145
1,3,11405,596,1638,3347,69,360,-1.1957476379351286,-0.009482585444406156,10.451492,6.0787196,6.841318,14.771659,0.8208047,0.8099838
1,3,12754,2762,2530,8693,627,1117,-0.7890259365377522,0.8371028962289797,12.309159,4.8575807,13.307823,14.675231,0.8341186,0.843066
2,3,9198,27472,32034,3232,18906,5130,5.228908864734288,-0.4365352919877865,1.38185,6.509126,2.8482492,0.0,0.87399894,0.82313424
1,3,11314,3090,2062,35009,71,2698,-0.44490063420285825,4.417973550645453,12.443155,3.9608514,18.24622,12.547821,0.78096044,0.8728579
2,3,5626,12220,11323,206,5038,244,0.7642179442662285,-0.9519205030205663,3.9974263,7.628274,1.7249105,4.6937966,0.8327373,0.855831
1,3,3,2920,6252,440,223,709,-0.7631789623000095,-0.8430016771663457,8.512506,8.833644,5.781989,12.78077,0.8232908,0.8211118
2,3,23,2616,8118,145,3874,217,-0.29766813902322253,-1.195233624271711,6.4774637,8.38285,3.0828524,9.240721,0.8462268,0.8440118
1,3,403,254,610,774,54,63,-1.3762252057314979,-0.8340005621745535,10.163935,9.446088,7.409382,17.106888,0.83564126,0.8307742
1,3,503,112,778,895,56,132,-1.3685347634447855,-0.8065126032213139,10.117413,9.48538,7.3469114,16.936691,0.83628213,0.8293801
1,3,9658,2182,1909,5639,215,323,-1.0301167904853334,0.20571102308688233,11.782365,5.7840877,8.030917,19.29318,0.8200143,0.82071644
2,3,11594,7779,12144,3252,8035,3029,1.1294687312674212,-0.04340041258159052,3.5524478,6.7335973,0.9009936,4.06007,0.75911903,0.75406086
2,3,1420,10810,16267,1593,6766,1838,1.3018099312040803,-0.8521348174451655,3.3466666,7.275585,1.2683227,1.7645986,0.81861037,0.81315446
2,3,2932,6459,7677,2561,4573,1386,0.17869599905766895,-0.5471844208257614,5.678688,8.139393,2.5174859,8.826415,0.781451,0.7845346
1,3,56082,3504,8906,18028,1480,2498,0.12073486799576924,3.9362605228292327,8.541204,2.2150517,13.519526,10.51345,0.7924346,0.79766524
1,3,14100,2132,3445,1336,1491,548,-0.8035656359037836,-0.20340201659792337,8.998438,5.854979,6.353607,12.306671,0.80046844,0.79578316
1,3,15587,1014,3970,910,139,1378,-0.9361259471303286,0.005368741565946279,9.113552,5.334432,5.6923847,10.257138,0.84007394,0.81984067
2,3,1454,6337,10704,133,6830,1831,0.6230407533913298,-1.0042899330565531,4.293879,8.148706,0.7302902,3.542859,0.83696693,0.83548445
2,3,8797,10646,14886,2471,8969,1438,1.4581964075716107,-0.6034291465105371,3.3753655,6.777632,0.6903242,1.2125916,0.7983984,0.7966504
2,3,1531,8397,6981,247,2505,1236,-0.0011339575991676518,-0.7808754965195195,6.3243065,8.250722,2.6873226,5.0667963,0.8056513,0.8204513
2,3,1406,16729,28986,673,836,3,1.6607422372651774,-1.1083113473421777,2.9242527,6.950835,0.0,0.0,0.8409265,0.9187814
1,3,11818,1648,1694,2276,169,1647,-0.9993050300761198,0.10877980729369989,9.699677,5.866018,4.3771186,8.703554,0.8317096,0.81602174
2,3,12579,11114,17569,805,6457,1519,1.36954447721865,-0.5422803621719073,3.5411036,6.738483,0.67922485,1.0759493,0.7981812,0.8177098
1,3,19046,2770,2469,8853,483,2708,-0.6452410369277821,1.4137408532381528,12.211224,4.5054364,9.6974325,8.459078,0.82702345,0.8288532
1,3,14438,2295,1733,3220,585,1561,-0.8898924297400105,0.3062800237807415,9.378933,4.943799,4.854161,9.060504,0.8161804,0.80764824
1,3,18044,1080,2000,2555,118,1266,-1.0380631323743499,0.3275546630190319,9.175475,4.644116,6.106614,10.344255,0.82759225,0.8162662
1,3,11134,793,2988,2715,276,610,-1.0604730770387323,-0.08537624272995954,10.219519,6.043355,6.213586,13.358929,0.81160355,0.798316
1,3,11173,2521,3355,1517,310,222,-0.953151803511421,-0.2921899427764363,9.403963,6.5607796,6.8453956,15.0310755,0.81258976,0.8092543
1,3,6990,3880,5380,1647,319,1160,-0.6580705275837639,-0.29902985520294023,8.511417,7.885502,4.8284345,10.120284,0.7902841,0.78853816
1,3,20049,1891,2362,5343,411,933,-0.9154106186247312,0.6910657771957812,9.481833,4.2756996,7.1039276,11.712291,0.81008786,0.8058213
1,3,8258,2344,2147,3896,266,635,-0.9933467672078827,-0.02123775322967435,10.86102,6.336152,7.37732,16.58289,0.81214136,0.810952
1,3,17160,1200,3412,2417,174,1136,-0.9525076609630903,0.22656873985323994,9.2887335,4.6392307,6.257468,10.889322,0.8160054,0.8043511
1,3,4020,3234,1498,2395,264,255,-1.0311491458307507,-0.43543979475117606,9.837836,8.216352,7.3698945,16.834126,0.79864043,0.8120266
1,3,12212,201,245,1991,25,860,-1.282463934263935,-0.03785640967493499,9.759989,5.785649,5.242155,10.729842,0.8375889,0.82145995
2,3,11170,10769,8814,2194,1976,143,0.18195802371095712,-0.30136406832701274,5.8906784,7.1671658,2.3101408,4.309118,0.7782062,0.80325544
1,3,36050,1642,2961,4787,500,1621,-0.777830757949659,1.3960105493104153,8.2856045,2.899965,7.23857,9.15418,0.8078413,0.81147134
1,3,76237,3473,7102,16538,778,918,-0.1593114122546675,4.372938877478558,8.507214,2.1776147,15.827707,15.6245365,0.8339484,0.82107013
1,3,19219,1840,1658,8195,349,483,-0.9817230448586687,0.9489340971624213,12.231045,4.55851,13.704767,15.783479,0.81444716,0.81894135
2,3,21465,7243,10685,880,2386,2749,0.33377701918289554,0.33913447317235557,6.7272654,5.6384296,4.644703,6.7829947,0.7977196,0.8047156
1,3,140,8847,3823,142,1062,3,-0.44148913536324197,-0.9419274997969078,7.757525,8.689854,2.6053367,4.85608,0.83292615,0.8633965
1,3,42312,926,1510,1718,410,1819,-0.9233482589955376,1.3253437045943095,8.110749,2.673545,6.636618,8.993208,0.8436236,0.8518605
1,3,7149,2428,699,6316,395,911,-1.014489122225555,0.3032001458284983,11.902637,5.8773265,7.0214863,17.452562,0.8488407,0.851316
1,3,2101,589,314,346,70,310,-1.3446217914178262,-0.7653053419559721,10.024627,9.383979,6.7532763,15.34349,0.83937204,0.83244044
1,3,14903,2032,2479,576,955,328,-0.956375733809741,-0.26256320662739646,8.989283,5.67982,6.6890965,12.522057,0.82422775,0.81723243
1,3,9434,1042,1235,436,256,396,-1.2000597903156291,-0.45115186037271354,9.578608,7.310637,6.514717,14.268809,0.8388516,0.8266816
1,3,7388,1882,2174,720,47,537,-1.096222114093062,-0.46938946383809066,9.568555,7.4011207,6.4504814,14.272195,0.82453835,0.8187189
1,3,6300,1289,2591,1170,199,326,-1.1146844061953058,-0.517152140234516,9.772657,7.6405196,7.087517,15.986245,0.82000655,0.8135583
1,3,4625,8579,7030,4575,2447,1542,0.09183687126192493,-0.0468156265952589,5.4772544,7.98642,2.6811955,5.098864,0.76925516,0.7747846
1,3,3087,8080,8282,661,721,36,-0.24698895451871955,-0.8064430121143962,7.38441,8.452558,2.7308006,5.233981,0.80324495,0.8292533
1,3,13537,4257,5034,155,249,3271,-0.46653331551931515,0.17767560336673088,7.42268,6.3705344,3.7270527,5.913336,0.8381583,0.81909895
1,3,5387,4979,3343,825,637,929,-0.6989880039532499,-0.48428161642470424,8.410904,8.266049,4.886151,10.45666,0.79957736,0.8069041
1,3,17623,4280,7305,2279,960,2616,-0.2658730595569828,0.4261415932030336,7.047602,5.7667675,4.3621984,6.964578,0.7962043,0.7885181
1,3,30379,13252,5189,321,51,1450,0.08340936901899183,0.6861864928495433,7.3346972,4.8690286,7.1694975,9.918309,0.89034885,0.8895979
1,3,37036,7152,8253,2995,20,3,-0.26116704578230193,0.9281486696297092,8.044573,3.213385,11.280713,16.647623,0.8231903,0.82989
1,3,10405,1596,1096,8425,399,318,-1.070359353926106,0.5832726085782399,12.253543,5.363899,8.667154,19.949505,0.85258,0.85280573
1,3,18827,3677,1988,118,516,201,-0.9179990640335736,-0.1294038517651885,8.7583,5.3623986,7.4573545,12.717008,0.83863664,0.837734
2,3,22039,8384,34792,42,12591,4430,3.2063775447177556,-0.3466800297778427,1.8689201,6.802206,4.0078144,0.0,0.81823266,0.83037955
1,3,7769,1936,2177,926,73,520,-1.0870836683830052,-0.4313726353915828,9.530734,7.41102,6.583066,14.593455,0.82206756,0.8163954
1,3,9203,3373,2707,1286,1082,526,-0.823046630829176,-0.3710110354540523,9.228956,7.0169673,6.7193003,15.01769,0.8012737,0.80279243
1,3,5924,584,542,4052,283,434,-1.2434943855851712,-0.13115398634263903,11.341703,6.723352,7.631858,17.924742,0.83638906,0.83291626
1,3,31812,1433,1651,800,113,1440,-0.9902618927895698,0.7224541902485728,8.321961,3.5263028,7.041737,9.861335,0.8566595,0.8549733
1,3,16225,1825,1765,853,170,1067,-1.033034035696434,0.01060157624736496,9.079935,5.328731,5.976785,10.663206,0.83556974,0.8223934
1,3,1289,3328,2022,531,255,1774,-0.8881057022516635,-0.5191721054566807,8.691964,9.008409,3.8567498,7.7102857,0.8253599,0.81857204
1,3,18840,1371,3135,3001,352,184,-1.0084375966008974,0.19664505277521793,9.384848,4.427268,7.966318,13.679669,0.8017108,0.7957081
1,3,3463,9250,2368,779,302,1627,-0.426657016791008,-0.3644042815174227,7.7862663,8.742103,2.5036464,4.371906,0.8167409,0.83470696
1,3,622,55,137,75,7,8,-1.436709618452152,-0.9152548145820261,10.129651,9.515643,7.2150073,16.577427,0.84815305,0.84164757
2,3,1989,10690,19460,233,11577,2153,2.057403588979167,-1.2517433108455895,2.2733827,7.2756443,0.25033468,0.61680186,0.81604534,0.8072534
2,3,3830,5291,14855,317,6694,3182,0.912612762757373,-0.7083776138920403,4.393276,8.015305,0.79136103,2.6804605,0.82230544,0.8061117
1,3,17773,1366,2474,3378,811,418,-0.9752505973054751,0.22698087680854181,9.484983,4.447992,7.3020754,12.695946,0.7941398,0.7892451
2,3,2861,6570,9618,930,4004,1682,0.24847396668383498,-0.7008964979019688,5.2005935,7.7941427,2.3990397,6.989177,0.8142309,0.8158498
2,3,355,7704,14682,398,8077,303,0.9747022686654159,-1.4029442917855397,3.5842721,7.7845016,0.7931179,4.387355,0.84417784,0.8623659
2,3,1725,3651,12822,824,4424,2157,0.31349236349301307,-0.7814601168540621,4.7750254,8.027952,1.7159705,6.6037636,0.8384642,0.8243514
1,3,12434,540,283,1092,3,2233,-1.1451372695613042,0.10827121267865628,8.779785,6.339732,3.7567534,6.807939,0.86188805,0.83677405
1,3,15177,2024,3810,2665,232,610,-0.9111583056990679,0.08087324880203438,9.39573,4.8559184,6.567397,12.232258,0.80816466,0.79926443
2,3,5531,15726,26870,2367,13726,446,3.0133934937102684,-1.3126536703002802,1.8723627,6.682015,0.0,0.0,0.8072691,0.8147356
2,3,5224,7603,8584,2540,3674,238,0.12128141138536812,-0.6124059953962364,5.5677085,8.162837,2.5626068,5.6672425,0.78621143,0.8006866
2,3,15615,12653,19858,4425,7108,2379,1.8224662248401677,0.14210651353039022,3.3965287,6.574803,1.1899104,0.36569637,0.7717514,0.7652782
2,3,4822,6721,9170,993,4973,3637,0.5238450014616225,-0.3044052441291425,5.102958,7.6192656,2.761055,4.2754292,0.80390763,0.7875118
1,3,2926,3195,3268,405,1680,693,-0.7489488840528074,-0.7571837560823139,8.447604,8.40285,6.0306726,13.609566,0.81336886,0.81472427
1,3,5809,735,803,1393,79,429,-1.2688034757092046,-0.4634250236522563,10.14684,7.7168593,6.7878165,15.199817,0.8294949,0.8185885
1,3,5414,717,2155,2399,69,750,-1.1511655675045576,-0.31613470988298525,10.696285,7.5183835,6.3776054,14.12529,0.8212019,0.80801284
2,3,260,8675,13430,1116,7015,323,0.8567794404060198,-1.2256858033186082,3.6916816,7.7433577,1.0881419,4.382993,0.84598994,0.8597587
2,3,200,25862,19816,651,8773,6250,3.2380210961007094,-0.22451631366822317,2.548455,6.425044,2.6804788,0.29755163,0.85808134,0.8186302
1,3,955,5479,6536,333,2840,707,-0.25321582535468223,-0.9328179024872074,6.4733114,8.3038025,4.0693293,9.632318,0.8159839,0.82513624
2,3,514,7677,19805,937,9836,716,1.5306586399102424,-1.4278478125731158,2.6651506,7.407827,0.2690134,1.1142175,0.818592,0.8303202
1,3,286,1208,5241,2515,153,1442,-0.8719552890927041,-0.4384042818032976,9.059236,8.924073,4.840388,10.15103,0.82649463,0.81350756
2,3,2343,7845,11874,52,4196,1697,0.4928383904582978,-0.8611642095422145,4.7160215,7.860687,1.7512735,5.8208814,0.83921987,0.8431369
1,3,45640,6958,6536,7368,1532,230,-0.11069513408553885,1.822800085721027,8.344412,2.5042872,11.011959,13.849683,0.7766084,0.7845016
1,3,12759,7330,4533,1752,20,2631,-0.3385389276129647,0.28657414708858864,6.962097,6.3374577,2.8675551,4.805285,0.8300163,0.8281858
1,3,11002,7075,4945,1152,120,395,-0.5304299363676057,-0.27729279206888596,8.942464,6.92705,4.8578625,10.213251,0.80897045,0.82454085
1,3,3157,4888,2500,4477,273,2165,-0.6589951453855828,0.13558377429385443,11.598299,6.822312,3.5776215,6.571854,0.84005433,0.83634454
1,3,12356,6036,8887,402,1382,2794,-0.012851370270718256,-0.025870922363867666,6.901362,6.22906,3.2786422,5.529303,0.8124914,0.810281
1,3,112151,29627,18148,16745,4948,8550,3.7269594650831834,7.167538561853782,8.463092,2.225922,8.237529,1.6353215,0.8665746,0.8302012
1,3,694,8533,10518,443,6907,156,0.6357630879762985,-1.273276308642731,3.8441658,7.8888865,1.1399338,3.8501081,0.85661316,0.8719168
1,3,36847,43950,20170,36534,239,47943,7.79794031004748,13.94908417536212,6.4712367,4.84575,20.053295,4.6161194,0.834859,0.8192785
1,3,327,918,4710,74,334,11,-1.0569114240687951,-1.0053397349667934,9.986417,9.535552,6.790083,15.612471,0.83397555,0.8325553
1,3,8170,6448,1139,2181,58,247,-0.8280078930178175,-0.23759519480407434,9.060876,7.2714806,5.7767982,12.575597,0.82134587,0.84125257
1,3,3009,521,854,3470,949,727,-1.142561599901716,-0.3150984941978034,11.366252,7.0588856,6.629979,15.437606,0.8358496,0.83135414
1,3,2438,8002,9819,6269,3459,3,0.2105412311046582,-0.30380698526293,5.3950863,8.2352705,2.4105608,5.5772357,0.7795915,0.7883501
2,3,8040,7639,11687,2758,6839,404,0.7044277099694438,-0.654502547553838,3.9444542,7.253093,1.002438,3.9080129,0.79898,0.8069407
2,3,834,11577,11522,275,4027,1856,0.7391186258513799,-0.8110770134803112,4.433865,7.5347886,1.8764136,4.6804442,0.82620484,0.8382088
1,3,16936,6250,1981,7332,118,64,-0.7163786114112977,0.7269011470421058,12.051827,4.4982924,12.817081,16.465559,0.8439536,0.84303325
1,3,13624,295,1381,890,43,84,-1.2794530164705507,-0.2739257389927645,9.303079,5.696958,7.1056046,13.939924,0.84067464,0.82628506
1,3,5509,1461,2251,547,187,409,-1.1260305555577006,-0.6060699824563041,9.677527,7.7353954,6.724751,15.108329,0.8253793,0.8200338
2,3,180,3485,20292,959,5618,666,0.7591651671346625,-1.2767141218578508,3.1623769,7.7030954,0.085321605,1.787094,0.8317522,0.8380967
1,3,7107,1012,2974,806,355,1142,-1.022888371092118,-0.4006339856050636,9.282648,7.5064406,4.971575,10.452795,0.8265797,0.80900466
1,3,17023,5139,5230,7888,330,1755,-0.42039339751633154,1.0294057655036475,12.15568,4.6528974,10.740227,10.642496,0.8220444,0.81829375
1,1,30624,7209,4897,18711,763,2876,0.021617446123944815,3.1680492173112875,12.060189,3.8991501,13.719704,9.742695,0.847988,0.8241023
2,1,2427,7097,10391,1127,4314,1468,0.3520403153627598,-0.7550694613226101,5.013298,7.987519,1.9588679,5.956636,0.8151233,0.82054865
1,1,11686,2154,6824,3527,592,697,-0.6712188613505659,-0.004993582073507967,10.171101,6.1441345,6.146318,13.261462,0.7850796,0.77626824
1,1,9670,2280,2112,520,402,347,-1.040817386709254,-0.4468262473918538,9.444269,7.096303,6.8601522,15.1813,0.8263742,0.82168347
2,1,3067,13240,23127,3941,9959,731,2.2006034484556736,-0.9347510447457331,2.396259,6.9056287,0.019287974,0.015127569,0.7924115,0.81123203
2,1,4484,14399,24708,3549,14235,1681,2.959925735215208,-0.9953256147546906,1.933222,6.8158755,0.0,0.0,0.81669,0.80108476
1,1,25203,11487,9490,5065,284,6854,0.751785892771492,1.936592730625958,7.020889,4.787867,4.7939186,3.6751614,0.8641755,0.85973185
1,1,583,685,2216,469,954,18,-1.149251262125391,-0.9410687652389349,9.988345,9.550133,6.987762,16.197311,0.82954526,0.82497936
1,1,1956,891,5226,1383,5,1328,-0.9297056876472108,-0.5271321067951747,8.9696,9.006416,5.1455355,10.942514,0.83244944,0.81358904
2,1,1107,11711,23596,955,9265,710,1.9961840966609252,-1.384103492654387,2.4760969,7.1168437,0.0,0.23791203,0.8160182,0.8354587
1,1,6373,780,950,878,288,285,-1.2486628870961287,-0.543506296405654,9.964294,7.735747,7.0281386,15.856647,0.8324393,0.82251835
2,1,2541,4737,6089,2946,5316,120,-0.06897533393711233,-0.7764047449020666,5.8914723,8.257475,2.1214292,10.319227,0.7964668,0.8105401
1,1,1537,3748,5838,1859,3381,806,-0.3346598030881678,-0.7361901915529209,6.5010424,8.328537,4.1538496,12.161956,0.80059254,0.8038546
2,1,5550,12729,16767,864,12420,797,2.039993983349908,-1.246831417396578,2.3199668,7.0873666,0.0,0.12974611,0.85700274,0.84694004
1,1,18567,1895,1393,1801,244,2100,-0.9328807891152724,0.415426911123241,8.885657,4.6653214,4.8855133,7.8377314,0.8354711,0.82327485
2,1,12119,28326,39694,4736,19410,2870,5.643833221292764,-0.6646642952223428,1.3837578,6.5040865,1.4009861,0.0,0.8179437,0.7942379
1,1,7291,1012,2062,1291,240,1775,-1.03016297078534,-0.19830425576853172,8.581178,6.994992,3.9633684,7.792316,0.82700706,0.8064568
1,1,3317,6602,6861,1329,3961,1215,0.04217697939445487,-0.6700368742599192,5.744001,8.097513,3.0168765,8.971672,0.7922541,0.799626
2,1,2362,6551,11364,913,5957,791,0.49807200632058984,-1.0151286646299593,4.4651103,8.014876,0.93328583,3.2108302,0.82696223,0.8391505
1,1,2806,10765,15538,1374,5828,2388,1.196885500818522,-0.6623921444447369,3.4723659,7.2959,1.5522523,2.1974452,0.8123511,0.8069105
2,1,2532,16599,36486,179,13308,674,3.603445197486382,-1.7887282408834713,1.6840138,6.5784583,0.0,0.0,0.8290086,0.8569368
1,1,18044,1475,2046,2532,130,1158,-1.0144427944803656,0.30842916743504456,9.251355,4.558648,6.2245865,10.569417,0.82637846,0.81603277
2,1,18,7504,15205,1285,4797,6372,1.157971006801429,-0.053421481612075876,4.914387,7.3391957,2.246073,1.440951,0.8180229,0.81242657
1,1,4155,367,1390,2306,86,130,-1.2817611579047747,-0.4845341599052303,10.293269,8.12996,7.8628197,18.026516,0.8239721,0.81583905
1,1,14755,899,1382,1765,56,749,-1.1614482381823978,0.008772893785452722,9.450932,5.5390253,6.2205086,11.662381,0.8290709,0.81534994
1,1,5396,7503,10646,91,4167,239,0.2713317549639862,-0.9730405504088263,5.021531,8.012057,1.9374013,5.895786,0.84106976,0.8575696
1,1,5041,1115,2856,7496,256,375,-1.0379825830180414,0.22735552512072874,12.229515,5.7423306,7.198234,19.433895,0.859325,0.87301403
2,1,2790,2527,5265,5612,788,1360,-0.6658512941095058,0.022443686310581714,11.929413,6.4965386,5.1594725,11.992032,0.8262995,0.827947
1,1,7274,659,1499,784,70,659,-1.2141384772260302,-0.44889026628099554,9.7715645,7.6020675,5.9601035,12.982652,0.8352813,0.81987464
1,1,12680,3243,4157,660,761,786,-0.753006909940856,-0.2646601036207096,9.0561075,6.2353864,5.5181646,11.14171,0.812205,0.8060993
2,1,20782,5921,9212,1759,2568,1553,0.06847636650837813,0.2053224104889538,6.6959496,5.740108,5.9728374,9.560651,0.7871954,0.7925862
1,1,4042,2204,1563,2286,263,689,-1.0662222163166497,-0.3831443601984642,10.037208,8.248511,6.5655165,14.762127,0.80835646,0.81052005
1,1,1869,577,572,950,4762,203,-0.7930967233085483,-0.9735779918943547,6.736283,8.504367,3.261046,14.966683,0.84784645,0.8468343
1,1,8656,2746,2501,6845,694,980,-0.8297738343411807,0.4050436931576972,12.08396,5.6356897,6.715138,16.565144,0.83192444,0.83463556
2,1,11072,5989,5615,8321,955,2137,-0.24395216928814994,0.8738403900795076,12.180431,4.8694015,9.196784,8.99452,0.82429,0.8326437
1,1,2344,10678,3828,1439,1566,490,-0.1835633566697005,-0.6055854503263628,7.626983,8.629393,2.2716181,4.0570197,0.8119734,0.83737135
1,1,25962,1780,3838,638,284,834,-0.8865129451455099,0.31018269081756555,8.427945,4.0065117,7.745577,11.451547,0.8411508,0.83719826
1,1,964,4984,3316,937,409,7,-0.8217601209559152,-0.8073416150192833,8.236223,8.695178,5.405835,12.077361,0.819005,0.83757377
1,1,15603,2703,3833,4260,325,2563,-0.6581343525178478,0.651635962025749,9.116992,4.7226067,4.164891,6.972915,0.8276599,0.8168755
1,1,1838,6380,2824,1218,1216,295,-0.6242308555680123,-0.7037729875810291,8.079104,8.707314,4.674057,10.19896,0.81268966,0.833645
1,1,8635,820,3047,2312,415,225,-1.085589073444016,-0.3175767034431725,10.214576,6.5848074,7.2848444,16.36525,0.8102822,0.8001412
1,1,18692,3838,593,4634,28,1215,-0.9107084997376255,0.6651736749070737,9.501283,4.2906065,6.2032623,10.403136,0.84636843,0.8431544
1,1,7363,475,585,1112,72,216,-1.3186337507080848,-0.47123435458244417,10.023225,7.57463,7.148586,16.017532,0.83753604,0.8249779
1,1,47493,2567,3779,5243,828,2253,-0.5222762172756246,2.0250891745272415,8.273713,2.4986444,6.4837446,7.436084,0.80027163,0.82145584
1,1,22096,3575,7041,11422,343,2564,-0.2980849153669661,1.785491404735788,11.962767,4.1533804,11.594451,9.530644,0.806707,0.79546124
1,1,24929,1801,2475,2216,412,1047,-0.9214341154874293,0.518413370785821,8.54364,3.848401,7.089553,10.357376,0.8209628,0.816952
1,1,18226,659,2914,3752,586,578,-1.0069885454231886,0.31900740995889193,9.484977,4.45475,7.248217,12.532963,0.7955118,0.78836733
1,1,11210,3576,5119,561,1682,2398,-0.4273023847584709,-0.11044128213388672,7.7312055,6.6049194,3.6254838,6.488886,0.80023336,0.78194714
1,1,6202,7775,10817,1183,3143,1970,0.35099303856022335,-0.43654761514416585,5.3592267,7.4169445,2.341275,5.7010527,0.8008948,0.8024821
2,1,3062,6154,13916,230,8933,2784,1.1384006639955147,-0.9184864349207214,4.1691623,8.036131,0.0,3.650463,0.8125775,0.79333115
1,1,8885,2428,1777,1777,430,610,-1.0132682267813566,-0.2687757060526468,9.667163,7.020812,6.6978717,14.877806,0.80895156,0.8050778
1,1,13569,346,489,2077,44,659,-1.266893814288469,-0.009421546401402699,9.7132845,5.7034817,5.8605537,11.458119,0.8325336,0.8188167
1,1,15671,5279,2406,559,562,572,-0.7420382160800093,-0.1301201421832004,8.806701,5.7517595,6.052902,11.0433655,0.8202741,0.8240377
1,1,8040,3795,2070,6340,918,291,-0.8209502811283494,0.19877744927261157,11.984072,5.763201,7.919819,20.149776,0.82389253,0.82770777
1,1,3191,1993,1799,1730,234,710,-1.0776679672174891,-0.48949573742824004,9.847375,8.469845,6.33635,14.195367,0.81183153,0.8119837
2,1,6134,23133,33586,6746,18594,5121,4.99272766148806,-0.17933623812099517,1.4322745,6.5506196,2.9568944,0.0,0.86531955,0.8134126
1,1,6623,1860,4740,7683,205,1693,-0.7501008170046357,0.5350971205827596,12.245103,5.5617576,4.955178,11.619366,0.8520259,0.8468751
1,1,29526,7961,16966,432,363,1391,0.4398521398094667,0.396310543340794,6.609131,5.493598,8.195231,11.708095,0.8246746,0.8537569
1,1,10379,17972,4748,4686,1547,3265,0.7162757485085599,0.7053648764997597,4.9696894,6.7428417,2.9065735,2.5259132,0.82533747,0.7973855
1,1,31614,489,1495,3242,111,615,-1.1175423303808614,0.8662034047572662,8.349772,3.4127514,8.836025,12.704326,0.82179654,0.8186871
1,1,11092,5008,5249,453,392,373,-0.6424028591769227,-0.4081594366717344,8.961984,6.879551,5.6624618,12.096707,0.81145483,0.81827134
1,1,8475,1931,1883,5004,3593,987,-0.6132119523597358,0.011609145293122968,11.783248,6.1721015,4.313021,13.937938,0.7620165,0.77163494
1,1,56083,4563,2124,6422,730,3321,-0.3510755988001066,2.7770951420665897,8.378059,2.3285766,6.319998,6.2553,0.8432851,0.8448088
1,1,53205,4959,7336,3012,967,818,-0.24317312787583092,1.6904951297102204,8.259486,2.4419231,9.319777,13.397407,0.7996967,0.8230127
1,1,9193,4885,2157,327,780,548,-0.7878113571716748,-0.4466739136266833,9.044963,7.1134324,5.85929,12.77653,0.8129429,0.819026
1,1,7858,1110,1094,6818,49,287,-1.175085662678594,0.2820137074314801,12.017093,5.7240562,7.804531,19.896767,0.84430015,0.84570295
1,1,23257,1372,1677,982,429,655,-1.0532033552940732,0.22934889246716764,8.505298,4.0544896,7.53389,11.6335945,0.8327353,0.82553184
1,1,2153,1115,6684,4324,2894,411,-0.54059259620338,-0.4870400748899565,11.725461,6.795451,4.8227487,12.81441,0.80294204,0.80549306
2,1,1073,9679,15445,61,5980,1265,1.0095331558264067,-1.1203058551542577,3.5905383,7.5912166,1.0932062,5.319216,0.8357519,0.84769607
1,1,5909,23527,13699,10155,830,3636,1.6659696795853594,1.2377231525340668,4.9138885,6.684649,4.0152283,2.3930068,0.8042489,0.7820428
2,1,572,9763,22182,2221,4882,2563,1.436058946578577,-0.680512544628866,3.1964722,7.1517625,1.5012082,1.1017814,0.83674794,0.82921094
1,1,20893,1222,2576,3975,737,3628,-0.6879201640411498,1.0079640585307186,7.9075155,4.5721235,3.9159164,5.352273,0.8095056,0.7962827
2,1,11908,8053,19847,1069,6374,698,1.2006792039628071,-0.7491391149154198,3.618047,6.8353868,0.28897056,1.107976,0.7861033,0.80841005
1,1,15218,258,1138,2516,333,204,-1.2304399462950266,0.00691863301509421,9.646761,5.501867,7.1764584,13.375007,0.8172525,0.8070289
1,1,4720,1032,975,5500,197,56,-1.2160238151722154,-0.06359671760796831,11.87929,6.2482576,8.253135,21.141205,0.8401767,0.84804994
1,1,2083,5007,1563,1120,147,1550,-0.815266592625514,-0.4200429426469955,8.544669,8.979382,4.1044703,8.419842,0.81477743,0.81787986
1,1,514,8323,6869,529,93,1040,-0.3090856477503751,-0.6927550392264701,7.551315,8.598832,2.717685,5.09239,0.80615896,0.8263433
1,3,36817,3045,1493,4802,210,1824,-0.7763941294479614,1.5202528125029289,8.271187,2.902496,6.884125,8.401762,0.8456578,0.8373039
1,3,894,1703,1841,744,759,1153,-1.015164868524116,-0.6625415895507196,9.091709,8.992489,5.197786,11.306091,0.831673,0.8246139
1,3,680,1610,223,862,96,379,-1.2649675536768659,-0.7357666814197792,10.029852,9.388234,6.7424917,15.403457,0.8296987,0.8312266
1,3,27901,3749,6964,4479,603,2503,-0.31893605784896845,1.1311530925699325,7.684189,4.212118,5.917,6.935207,0.8169631,0.818498
1,3,9061,829,683,16919,621,139,-1.0574033381261896,1.5516143252489054,12.541273,4.1496096,19.529165,19.869347,0.79152834,0.8478002
1,3,11693,2317,2543,5845,274,1409,-0.8696914715670061,0.49971273320009674,11.959792,5.445213,5.834975,12.339354,0.8339181,0.8316589
2,3,17360,6200,9694,1293,3620,1721,0.23800819868989884,-0.027005994754879723,6.5590205,5.8618135,5.0939646,8.683755,0.79179794,0.7879137
1,3,3366,2884,2431,977,167,1104,-0.9535066297885229,-0.5026650411343387,8.895115,8.784863,5.188058,11.173303,0.8139566,0.81339705
2,3,12238,7108,6235,1093,2328,2079,-0.042664182696737475,-0.06946671838179778,6.720774,6.3713784,2.9835813,5.3668013,0.79013306,0.7808968
1,3,49063,3965,4252,5970,1041,1404,-0.42744733184900424,2.0274554855470823,8.329314,2.438063,8.16979,9.952624,0.7766091,0.796162
1,3,25767,3613,2013,10303,314,1384,-0.7089654571127461,1.665994999441828,11.931274,4.252278,14.925701,14.192315,0.81524265,0.82060325
1,3,68951,4411,12609,8692,751,2406,0.2668011049331079,3.2730187150114456,8.429075,2.2668054,9.036318,8.487359,0.837878,0.8520686
1,3,40254,640,3600,1042,436,18,-0.9870804400830275,0.7949713117369456,8.075011,2.7029407,11.195262,16.691984,0.8293712,0.84167725
1,3,7149,2247,1242,1619,1226,128,-1.0177121481005316,-0.48398381148273456,9.829845,7.2636924,7.838643,18.008184,0.8054962,0.80851054
1,3,15354,2102,2828,8366,386,1027,-0.8499792447209762,0.8893103731238262,12.222033,4.697012,13.310642,14.651292,0.82562757,0.82842416
1,3,16260,594,1296,848,445,258,-1.1923535846151225,-0.15477966232874,9.2311125,5.5566664,7.254954,13.146022,0.83052397,0.8187006
1,3,42786,286,471,1388,32,22,-1.2381399146322483,1.0109295615392502,8.071837,2.711887,11.40632,16.864294,0.8578978,0.86721003
1,3,2708,2160,2642,502,965,1522,-0.8725815339936579,-0.5694038330532978,8.847853,8.963578,4.490306,9.37418,0.8252628,0.8137169
1,3,6022,3354,3261,2507,212,686,-0.8746540328319881,-0.28350329748641495,9.900831,7.8002114,6.536618,14.589744,0.7917567,0.79738337
1,3,2838,3086,4329,3838,825,1060,-0.7224201509851124,-0.23414790094174542,11.669743,6.8642344,5.8789988,13.168367,0.8011691,0.8042988
2,2,3996,11103,12469,902,5952,741,0.9025391627991974,-0.9225642973788263,3.9019828,7.5803633,1.52035,4.8634615,0.8327365,0.8471463
1,2,21273,2013,6550,909,811,1854,-0.5660858077680099,0.263611505412837,8.163911,4.564679,5.4946537,8.520261,0.81827104,0.8119686
2,2,7588,1897,5234,417,2208,254,-0.6869338908363348,-0.7126213405398619,7.5901814,7.778775,5.460427,14.6355715,0.81709504,0.81382847
1,2,19087,1304,3643,3045,710,898,-0.8768133745926495,0.3125549071647275,9.400555,4.4004254,6.6797147,11.19946,0.79290545,0.7871616
2,2,8090,3199,6986,1455,3712,531,-0.2733661180217438,-0.6040913247344653,7.0231223,7.6693954,3.488006,10.545602,0.78341293,0.78726655
2,2,6758,4560,9965,934,4538,1037,0.13886722587823586,-0.7096221586862327,5.193679,7.8836627,2.0938263,7.3016486,0.81881225,0.82421535
1,2,444,879,2060,264,290,259,-1.2022794386281717,-0.8894069023221084,10.045581,9.504848,6.8970413,15.829099,0.83174026,0.8273375
2,2,16448,6243,6360,824,2662,2005,-0.055602134731389585,0.0297318870409581,6.7990546,6.0501266,4.7060914,8.055034,0.8068664,0.78553647
2,2,5283,13316,20399,1809,8752,172,1.8363698168414784,-1.1034303084218005,2.750854,6.8893347,0.0,0.0,0.814883,0.83604944
2,2,2886,5302,9785,364,6236,555,0.3166493168183568,-1.10942153994891,4.4735804,8.231021,0.62956405,3.2707577,0.83485603,0.8491035
2,2,2599,3688,13829,492,10069,59,0.8422385069509711,-1.479928623420658,3.6489353,8.001759,0.023834705,3.71094,0.8306135,0.85079086
2,2,161,7460,24773,617,11783,2410,2.1870484634688476,-1.362974912027978,2.121001,7.2656617,0.0,0.8545286,0.80427206,0.79358625
2,2,243,12939,8852,799,3909,211,0.5216058099595933,-1.001383740514749,4.2009683,7.502369,1.905499,4.1528077,0.8177186,0.84626555
2,2,6468,12867,21570,1840,7558,1543,1.8624610873894922,-0.7636981273998346,2.7657578,6.7494946,0.10980788,0.15510792,0.80857545,0.8208086
1,2,17327,2374,2842,1149,351,925,-0.9115352904934353,0.048468651602391326,9.000205,5.2396955,6.317521,10.995898,0.82332534,0.81386685
1,2,6987,1020,3007,416,257,656,-1.0790022026261716,-0.5369680685177071,9.439003,7.5890355,6.033305,13.1920395,0.8315675,0.81884307
2,2,918,20655,13567,1465,6846,806,1.7800845916617913,-0.9256374219788828,2.9978023,6.863416,0.0,0.0,0.80140907,0.8126955
1,2,7034,1492,2405,12569,299,1117,-0.9068509993267968,1.0918414546748083,12.61657,4.198545,15.206325,15.366342,0.8418959,0.86160046
1,2,29635,2335,8280,3046,371,117,-0.5897956228304866,0.5721243863695697,8.260504,3.5379722,10.362551,15.255551,0.78501284,0.791159
2,2,2137,3737,19172,1274,17120,142,1.9982109582008538,-1.845362089916345,2.1061008,7.25157,0.0,2.0805445,0.8321612,0.8453958
1,2,9784,925,2405,4447,183,297,-1.110934536235411,0.03596140472791206,11.05657,6.1129694,7.744254,17.762672,0.8131875,0.80496484
1,2,10617,1795,7647,1483,857,1233,-0.5949006835130521,-0.24230871928434933,9.735152,6.1729927,5.0998335,10.66501,0.80191463,0.7857369
2,2,1479,14982,11924,662,3891,3508,1.1518807981140464,-0.400124624756869,4.6086335,7.236366,1.8510256,1.8120253,0.8236438,0.8314143
1,2,7127,1375,2201,2679,83,1059,-1.0620402457291211,-0.14797779736807226,10.824538,7.0823917,5.744522,12.399402,0.8234585,0.81100094
1,2,1182,3088,6114,978,821,1637,-0.5986795944026223,-0.5878350142682033,8.721122,8.931119,4.257272,8.670669,0.81687766,0.80666745
1,2,11800,2713,3558,2121,706,51,-0.8875387214660768,-0.24263700941147834,9.433645,6.492791,7.276097,16.138233,0.8030799,0.80141234
2,2,9759,25071,17645,1128,12408,1625,3.09498643768877,-0.7630828149611079,1.9103051,6.5961976,0.0,0.0,0.82577884,0.7853243
1,2,1774,3696,2280,514,275,834,-0.9243643216027733,-0.6701917945323065,8.630662,8.864524,5.3658547,11.7877865,0.81376106,0.82041156
1,2,9155,1897,5167,2714,228,1113,-0.8137204291540465,-0.09667876792573633,10.130013,6.2298956,5.423794,11.476815,0.8018156,0.7888303
1,2,15881,713,3315,3703,1470,229,-0.9159749693601423,0.09942554722120121,9.615384,4.6341524,7.071705,12.972775,0.7714293,0.7681587
1,2,13360,944,11593,915,1679,573,-0.37728397074116515,-0.431798936137287,7.147163,7.2736697,6.1927576,12.217612,0.8058727,0.80586916
1,2,25977,3587,2464,2369,140,1092,-0.8122298704514674,0.6244465673436326,8.30965,3.7733452,7.0390487,10.095246,0.8385096,0.83500516
1,2,32717,16784,13626,60869,1272,5609,2.0143559645133675,9.005487324170298,12.30785,3.9181862,17.061888,6.344847,0.84790766,0.8247446
1,2,4414,1610,1431,3498,387,834,-1.0770575690123523,-0.20017661463239572,11.356967,7.070798,6.718978,15.0779085,0.8259636,0.8246521
1,2,542,899,1664,414,88,522,-1.2231022550691297,-0.8021814617716416,9.94298,9.405243,6.3528037,14.338992,0.83333564,0.8272368
1,2,16933,2209,3389,7849,210,1534,-0.7834469157648515,0.982880053258044,12.141831,4.6942077,11.303985,12.220312,0.82278955,0.82084155
1,2,5113,1486,4583,5127,492,739,-0.8706025649211352,-0.03815595582072412,11.889816,6.511035,6.593884,16.014343,0.8166103,0.8207834
1,2,9790,1786,5109,3570,182,1043,-0.8257549863194479,0.027340221405298196,10.319033,6.132852,5.8738227,12.584951,0.80775195,0.79454
2,2,11223,14881,26839,1234,9606,1102,2.5396628584770577,-0.8884416838712592,2.286794,6.658475,0.0,0.0,0.7939952,0.8198581
1,2,22321,3216,1447,2208,178,2602,-0.7781506645941584,0.7310766310545037,8.185765,4.5050387,4.8737926,6.9964075,0.8494093,0.83720803
2,2,8565,4980,67298,131,38102,1215,7.548581006512374,-3.379888995489255,1.374293,6.5231433,0.0,1.3203845,0.81410456,0.83427304
2,2,16823,928,2743,11559,332,3486,-0.6924196098584285,1.7843081489013115,12.175532,4.2097135,10.005098,7.2049055,0.8386195,0.8385806
2,2,27082,6817,10790,1365,4111,2139,0.4777421109996916,0.42695189711608145,6.5574546,5.44399,5.945331,8.211202,0.8009403,0.81336856
1,2,13970,1511,1330,650,146,778,-1.1208739705751258,-0.15651564423501416,9.129054,5.6499352,6.0896497,11.681425,0.84025764,0.8259128
1,2,9351,1347,2611,8170,442,868,-0.9490819225961636,0.5770978026340773,12.315544,5.4324813,6.916453,16.959448,0.84305704,0.8402655
1,2,3,333,7021,15601,15,550,-0.7855029429028739,1.0098401069317409,12.612778,4.11817,13.758627,14.420478,0.82572633,0.84453344
1,2,2617,1188,5332,9584,573,1942,-0.6928207191351496,0.615478483141729,12.417407,5.530935,4.675636,10.363773,0.8519919,0.8584177
2,3,381,4025,9670,388,7271,1371,0.39822620644009604,-1.1331270099799604,4.364822,8.21399,0.22519103,3.1467056,0.8482476,0.84320223
2,3,2320,5763,11238,767,5162,2158,0.45952735712177184,-0.7549484110358174,4.6841173,7.9769444,1.7265763,7.3153615,0.82718503,0.8210412
1,3,255,5758,5923,349,4595,1328,-0.015197864472189418,-0.9303730457426762,5.9621797,8.237417,2.797365,10.636546,0.82783854,0.8292186
2,3,1689,6964,26316,1456,15469,37,2.473714457494891,-1.8449947449077837,2.0733438,7.1240616,0.0,0.90567636,0.81877404,0.8301123
1,3,3043,1172,1763,2234,217,379,-1.1669352115613305,-0.499191067098322,10.1405525,8.280624,7.3517313,16.817036,0.81675065,0.81380665
1,3,1198,2602,8335,402,3843,303,-0.2747386510771204,-1.1001759507973121,6.480577,8.398953,3.047006,8.831384,0.83632547,0.8343561
2,3,2771,6939,15541,2693,6600,1115,0.9045139247959971,-0.8100256592978087,3.7287614,7.7267847,0.9766048,2.3437295,0.7981898,0.79991126
2,3,27380,7184,12311,2809,4621,1022,0.5740928256715145,0.37489770878248874,6.41239,5.5195193,7.830365,11.0818,0.7686063,0.78584445
1,3,3428,2380,2028,1341,1184,665,-0.9329100113925183,-0.5867547245463655,9.434885,8.651838,6.38618,14.48482,0.80362386,0.8054953
2,3,5981,14641,20521,2005,12218,445,2.369619647700559,-1.173370952515678,2.1619666,6.912905,0.0,0.0,0.832783,0.8414979
1,3,3521,1099,1997,1796,173,995,-1.1117417258871036,-0.42623574948709253,9.980197,8.451219,5.789896,12.6861515,0.82287955,0.81295556
2,3,1210,10044,22294,1741,12638,3137,2.404948772447743,-1.0258372434359513,2.1391098,7.196284,0.18790424,0.68307066,0.81687605,0.8024668
1,3,608,1106,1533,830,90,195,-1.2398122447257616,-0.8012696400017247,9.967555,9.383312,7.1637855,16.510458,0.8243105,0.82385015
2,3,117,6264,21203,228,8682,1111,1.4045824818578534,-1.4387214379716065,2.8192182,7.5333467,0.0,1.1670508,0.8284089,0.8413363
1,3,14039,7393,2548,6386,1333,2341,-0.2760915223531467,0.8332054247534325,12.1003275,4.8301764,6.881951,7.432048,0.8092551,0.79844517
1,3,190,727,2012,245,184,127,-1.2413755587815751,-0.9213390757320019,10.011689,9.49208,6.971875,16.05067,0.83334565,0.8298542
1,3,22686,134,218,3157,9,548,-1.270589434170242,0.4915085456714656,8.931108,3.9583824,7.997805,12.644806,0.8305254,0.82210517
2,3,37,1275,22272,137,6747,110,0.7883892473604907,-1.60174192521715,3.171412,7.7254424,0.0,1.9309713,0.83843285,0.8422673
1,3,759,18664,1660,6114,536,4100,0.5186698092816265,0.7423295318460528,4.988593,6.747488,3.2926173,2.730246,0.8349779,0.8202793
1,3,796,5878,2109,340,232,776,-0.7886830192070062,-0.7138257252399949,8.175313,8.758159,4.8570733,10.5146055,0.8207252,0.8345739
1,3,19746,2872,2006,2601,468,503,-0.925963818407421,0.2692746623529014,9.154715,4.280032,7.2045135,11.988126,0.81508565,0.811803
1,3,4734,607,864,1206,159,405,-1.2730718057210737,-0.5428884644129336,10.051711,7.981649,6.840087,15.41162,0.82975405,0.81941116
1,3,2121,1601,2453,560,179,712,-1.088887411181361,-0.6928816242825158,9.484432,9.083212,5.997994,13.356653,0.82496464,0.8193675
1,3,4627,997,4438,191,1335,314,-0.9097699242924215,-0.805227658458305,9.2490015,8.059571,6.748208,15.4628315,0.8268915,0.8195701
1,3,2615,873,1524,1103,514,468,-1.1749491833025665,-0.65933119011285,9.919739,8.846339,6.852201,15.611629,0.8203734,0.81453043
2,3,4692,6128,8025,1619,4515,3105,0.31656243437120746,-0.29067259586410277,5.224475,7.5279183,3.150263,5.0785413,0.7926817,0.7778698
1,3,9561,2217,1664,1173,222,447,-1.0781992988738751,-0.33533496109959704,9.541902,7.077442,6.8302937,15.119422,0.82146585,0.8160096
1,3,3477,894,534,1457,252,342,-1.268452895799526,-0.5717221054057211,10.156654,8.311821,7.244589,16.538305,0.8254391,0.8208324
1,3,22335,1196,2406,2046,101,558,-1.059979066741071,0.31195600191987927,8.771772,4.0208645,7.760791,12.303765,0.82634866,0.8190747
1,3,6211,337,683,1089,41,296,-1.3235198672422377,-0.5093601050795822,10.030546,7.8315287,6.9672685,15.62263,0.8366169,0.8237776
2,3,39679,3944,4955,1364,523,2235,-0.4528895145927312,1.2201199409878491,8.048373,2.8892462,5.928157,7.90785,0.85400236,0.8655697
1,3,20105,1887,1939,8164,716,790,-0.8890380469638886,1.0135403315084124,12.115272,4.5329647,13.196383,14.653815,0.80092955,0.80828625
1,3,3884,3801,1641,876,397,4829,-0.57786830124468,0.1831785453967892,7.6944532,6.340669,3.166012,3.9900556,0.88661546,0.8621486
2,3,15076,6257,7398,1504,1916,3113,0.023172431410626797,0.2806041042173151,6.9498076,6.065879,3.8899703,6.2544866,0.79539394,0.78509814
1,3,6338,2256,1668,1492,311,686,-1.0512923910239045,-0.39142361478777565,9.705462,7.562253,6.412054,14.295121,0.8103796,0.8085259
1,3,5841,1450,1162,597,476,70,-1.1882780315748966,-0.6454242557890993,9.859261,7.71829,7.555147,17.256287,0.82728446,0.8246274
2,3,3136,8630,13586,5641,4666,1426,0.7472678018767653,-0.214670768197751,5.254413,8.228239,1.6757762,2.9538307,0.7758822,0.7763528
1,3,38793,3154,2648,1034,96,1242,-0.795433275324331,1.0132305910451114,8.045477,2.819062,7.730928,10.930698,0.8724408,0.87978256
1,3,3225,3294,1902,282,68,1114,-0.9738080919474648,-0.5763057433081179,8.811374,8.930971,4.960422,10.626941,0.81980956,0.8202045
2,3,4048,5164,10391,130,813,179,-0.31303309616225955,-0.877909107614271,7.2189965,8.274233,4.597651,9.996755,0.81339824,0.82756686
1,3,28257,944,2146,3881,600,270,-1.0229453323825777,0.713619909551822,8.396973,3.6507118,9.211021,13.533709,0.7928984,0.79460305
1,3,17770,4591,1617,9927,246,532,-0.7749789038685424,1.1526711827878846,12.146646,4.4309115,16.405783,17.271515,0.84096205,0.84818447
1,3,34454,7435,8469,2540,1711,2893,0.20931382898181408,1.1894241911402879,7.2881684,4.441138,4.9469156,6.2464547,0.801966,0.8151356
1,3,1821,1364,3450,4006,397,361,-1.016086731177989,-0.36354831106756075,11.648252,6.908919,7.202344,17.31757,0.81624603,0.8171089
1,3,10683,21858,15400,3635,282,5120,1.661616807156271,0.8653148362085897,4.8690476,6.648458,2.8375816,1.8249375,0.85283697,0.8730949
1,3,11635,922,1614,2583,192,1068,-1.103716863294685,0.02800304886842826,9.98917,5.8788548,5.178334,10.682606,0.8267542,0.81250596
1,3,1206,3620,2857,1945,353,967,-0.8608685557881885,-0.5036502541195966,8.689951,8.783046,5.4552355,11.985883,0.81009483,0.8145895
1,3,20918,1916,1573,1960,231,961,-1.0127355737795802,0.3280084131860564,8.861388,4.2238274,6.79843,10.843257,0.8304114,0.8225043
1,3,9785,848,1172,1677,200,406,-1.2095262438447338,-0.2764726870540202,9.987251,6.75191,6.6021705,14.469283,0.8271729,0.81397927
1,3,9385,1530,1422,3019,227,684,-1.1033787354995566,-0.07185831337737934,10.539476,6.299781,6.705736,14.746139,0.8191074,0.8103099
1,3,3352,1181,1328,5502,311,1000,-1.0916161629042667,0.038595185120957956,11.840735,6.384766,6.493256,15.85038,0.86271113,0.8594366
1,3,2647,2761,2313,907,95,1827,-0.9174487516541918,-0.40783673931311404,8.858526,8.904719,3.812197,7.448988,0.8255427,0.81663525
1,3,518,4180,3600,659,122,654,-0.8442738303004768,-0.7432753997062319,8.413206,8.801863,5.648549,12.542825,0.8143189,0.8232392
1,3,23632,6730,3842,8620,385,819,-0.43358201894582965,1.266696199110592,12.019622,4.4029,13.147019,14.671172,0.8281286,0.8156792
1,3,12377,865,3204,1398,149,452,-1.0802301966841514,-0.22343703146351987,9.443082,6.012961,6.461825,13.353801,0.8262714,0.81113404
1,3,9602,1316,1263,2921,841,290,-1.093252835122774,-0.1785404422240817,10.41419,6.333794,7.408722,16.574486,0.80512094,0.7996876
2,3,4515,11991,9345,2644,3378,2213,0.6311376823758664,-0.22175740928961105,4.9822173,7.305985,1.9149342,3.882825,0.7751112,0.7819577
1,3,11535,1666,1428,6838,64,743,-1.0589128477284895,0.5201465275606932,11.9591465,5.4390273,7.4568563,17.148443,0.84306586,0.8434254
1,3,11442,1032,582,5390,74,247,-1.2156565396387162,0.25027787660976836,11.580222,5.7500544,8.00335,18.234697,0.8328974,0.8298193
1,3,9612,577,935,1601,469,375,-1.2171648196469858,-0.3126580107487886,9.990586,6.873973,6.639883,14.588557,0.8252985,0.8117171
1,3,4446,906,1238,3576,153,1014,-1.1510264588899182,-0.149219087585255,11.328473,7.0426254,6.2738657,13.85615,0.8410138,0.83333606
1,3,27167,2801,2128,13223,92,1902,-0.7062588260155932,2.1862781676102028,12.0319,4.0827875,16.191364,13.9616585,0.82082427,0.8305156
1,3,26539,4753,5091,220,10,340,-0.6678437975505819,0.22212106880963323,8.321472,4.0662313,9.381336,13.9365015,0.85943335,0.8631338
1,3,25606,11006,4604,127,632,288,-0.17227095089339114,0.20680363110159608,7.5367045,4.987864,8.6139555,12.787316,0.85411566,0.86271536
1,3,18073,4613,3444,4324,914,715,-0.6268697196614438,0.4281133048627294,9.499767,4.3061647,7.0745344,12.238711,0.80254203,0.8031764
1,3,6884,1046,1167,2069,593,378,-1.158097728587304,-0.3720539425659658,10.143866,7.285123,7.2786274,16.474962,0.81642365,0.807879
1,3,25066,5010,5026,9806,1092,960,-0.37723205541566246,1.4258503890896435,11.897402,4.3331885,13.968659,14.614464,0.7832842,0.7835616
2,3,7362,12844,18683,2854,7883,553,1.6483656344143027,-0.7489640578470996,3.0861845,6.688294,0.061831415,0.15725172,0.7933989,0.8053684
2,3,8257,3880,6407,1646,2730,344,-0.3853960943723231,-0.5372850345340064,7.1880803,7.6892366,4.750315,11.6181,0.78773785,0.79258156
1,3,8708,3634,6100,2349,2123,5137,-0.06015967295930163,0.4625784076891143,7.5885553,6.260293,3.068208,3.8535733,0.8172029,0.8122331
1,3,6633,2096,4563,1389,1860,1892,-0.6016308784811724,-0.30558818668642923,8.310704,7.3173885,3.6820493,7.145121,0.7991482,0.7828903
1,3,2126,3289,3281,1535,235,4365,-0.5742862639964886,0.08739731306884592,7.857027,6.4637823,3.0706322,3.9842625,0.8696385,0.84892786
1,3,97,3605,12400,98,2970,62,-0.0813055409227226,-1.2321046959597342,6.318449,8.418144,2.562642,6.5263195,0.85023713,0.85958135
1,3,4983,4859,6633,17866,912,2435,-0.16394420663711218,1.8498394085756158,12.632868,4.111729,12.812491,10.305809,0.80772114,0.8548412
1,3,5969,1990,3417,5679,1135,290,-0.8613190603640788,-0.023996963676629762,11.91481,6.156783,7.4497285,19.62425,0.8053654,0.81463903
2,3,7842,6046,8552,1691,3540,1874,0.13311445046687587,-0.3270812049799287,5.4366574,7.4923773,3.101042,7.2860427,0.786982,0.7844943
2,3,4389,10940,10908,848,6728,993,0.9076362382852481,-0.8872447177123424,3.8524318,7.5405245,1.443334,4.3961563,0.8421656,0.83106256
1,3,5065,5499,11055,364,3485,1063,0.14404062161459735,-0.7973207159447423,5.255874,7.8843737,2.3638268,6.556323,0.8312739,0.83805585
2,3,660,8494,18622,133,6740,776,1.159521668494944,-1.319010486322384,3.2427742,7.603076,0.45468262,1.2873547,0.83633846,0.8584313
1,3,8861,3783,2223,633,1580,1521,-0.6851076758689152,-0.3041359458901369,8.476372,7.1944413,4.746842,9.926725,0.7996619,0.7919868
1,3,4456,5266,13227,25,6818,1393,0.6668088137204888,-1.0211182469358213,4.1936874,8.146626,0.20858505,3.6940851,0.8320755,0.8380295
2,3,17063,4847,9053,1031,3415,1784,0.07701668160756502,-0.055580782194443804,6.661076,5.946812,5.0152144,8.567301,0.7911027,0.7900313
1,3,26400,1377,4172,830,948,1218,-0.7820228998244323,0.37615103486165313,8.407685,3.9609993,6.7738404,9.751457,0.8215449,0.821383
2,3,17565,3686,4657,1059,1803,668,-0.5593203173696709,-0.08988056809582096,8.577286,5.615752,6.4847107,11.27353,0.80658853,0.8077898
2,3,16980,2884,12232,874,3213,249,-0.034865915922488555,-0.4138408112166657,6.9594893,7.0629005,6.252845,10.97262,0.81302524,0.8068724
1,3,11243,2408,2593,15348,108,1886,-0.7381363210819658,1.7733758449016055,12.545455,4.0528374,16.238375,14.015991,0.8311802,0.8728078
1,3,13134,9347,14316,3141,5079,1894,0.9412763607464273,-0.05351073435994956,3.7515237,6.7707353,1.6116861,2.7748408,0.77436703,0.77817386
1,3,31012,16687,5429,15082,439,1163,0.529384578287899,2.536284370215346,12.069677,3.992729,13.436765,14.241951,0.82407737,0.7768508
1,3,3047,5970,4910,2198,850,317,-0.5530256712324585,-0.5428875686014525,8.157237,8.619889,4.880951,10.679181,0.79170096,0.81147957
1,3,8607,1750,3580,47,84,2501,-0.8455014877284295,-0.17685188152876627,8.241623,6.7581697,3.6318936,6.353659,0.8484366,0.82011795
1,3,3097,4230,16483,575,241,2080,0.09305577205085029,-0.5949266996056878,5.5589695,7.5894732,3.6017513,6.763087,0.8535472,0.8503673
1,3,8533,5506,5160,13486,1377,1498,-0.2693264644049781,1.2833884552257089,12.654394,4.2418685,14.627715,14.382623,0.803308,0.83296955
1,3,21117,1162,4754,269,1328,395,-0.8151406882023999,-0.09440459362717729,8.4731045,4.3921137,7.776902,12.650116,0.8264763,0.82654953
1,3,1982,3218,1493,1541,356,1449,-0.9325631250023203,-0.419577798536318,8.841868,8.915752,4.5320606,9.479178,0.82335347,0.8202445
1,3,16731,3922,7994,688,2371,838,-0.2645391122967977,-0.22020743000673215,7.0440826,6.8142257,6.313182,11.131999,0.8069616,0.8126116
1,3,29703,12051,16027,13135,182,2204,0.8706024603902149,2.220845240077006,11.960292,4.0414186,8.032543,3.9641876,0.84976834,0.78732944
1,3,39228,1431,764,4510,93,2346,-0.9025200609961801,1.6769155666814664,8.251577,2.7970092,6.1870694,7.314319,0.8452637,0.8411824
2,3,14531,15488,30243,437,14841,1867,3.465703618272418,-1.0398380051416922,1.8058044,6.7163424,0.38206542,0.0,0.78537595,0.7981886
1,3,10290,1981,2232,1038,168,2125,-0.9180227325786652,-0.030046590620381987,8.358123,6.709075,3.5457516,6.6120625,0.8350328,0.81456476
1,3,2787,1698,2510,65,477,52,-1.105137090377088,-0.8613378741904577,9.781411,9.296161,7.12207,16.352205,0.82736677,0.82844466
